{
  "canthelp": {
    "precision": 1.0,
    "recall": 0.9,
    "f1-score": 0.9473684210526316,
    "support": 10
  },
  "greet": {
    "precision": 0.7,
    "recall": 0.7,
    "f1-score": 0.7,
    "support": 10
  },
  "master_admission_requirements": {
    "precision": 1.0,
    "recall": 0.9,
    "f1-score": 0.9473684210526316,
    "support": 10
  },
  "master_application_period": {
    "precision": 0.8181818181818182,
    "recall": 0.9,
    "f1-score": 0.8571428571428572,
    "support": 10
  },
  "master_career_opportunities": {
    "precision": 1.0,
    "recall": 0.9,
    "f1-score": 0.9473684210526316,
    "support": 10
  },
  "master_contact": {
    "precision": 0.9090909090909091,
    "recall": 1.0,
    "f1-score": 0.9523809523809523,
    "support": 10
  },
  "master_degree": {
    "precision": 0.5833333333333334,
    "recall": 0.7,
    "f1-score": 0.6363636363636365,
    "support": 10
  },
  "master_duration": {
    "precision": 0.7777777777777778,
    "recall": 0.7,
    "f1-score": 0.7368421052631577,
    "support": 10
  },
  "master_electives": {
    "precision": 0.8,
    "recall": 0.8,
    "f1-score": 0.8000000000000002,
    "support": 10
  },
  "master_further_qualification_opportunities": {
    "precision": 0.9090909090909091,
    "recall": 1.0,
    "f1-score": 0.9523809523809523,
    "support": 10
  },
  "master_how_to_apply": {
    "precision": 0.7272727272727273,
    "recall": 0.8,
    "f1-score": 0.761904761904762,
    "support": 10
  },
  "master_language": {
    "precision": 0.5384615384615384,
    "recall": 0.7,
    "f1-score": 0.608695652173913,
    "support": 10
  },
  "master_location": {
    "precision": 0.75,
    "recall": 0.6,
    "f1-score": 0.6666666666666665,
    "support": 10
  },
  "master_program_content": {
    "precision": 0.875,
    "recall": 0.7,
    "f1-score": 0.7777777777777777,
    "support": 10
  },
  "master_scholarships": {
    "precision": 0.7,
    "recall": 0.7,
    "f1-score": 0.7,
    "support": 10
  },
  "master_semester_content": {
    "precision": 0.5833333333333334,
    "recall": 0.7,
    "f1-score": 0.6363636363636365,
    "support": 10
  },
  "master_start": {
    "precision": 1.0,
    "recall": 0.8,
    "f1-score": 0.888888888888889,
    "support": 10
  },
  "master_tuition_fees": {
    "precision": 0.7,
    "recall": 0.7,
    "f1-score": 0.7,
    "support": 10
  },
  "thank": {
    "precision": 0.7777777777777778,
    "recall": 0.7,
    "f1-score": 0.7368421052631577,
    "support": 10
  },
  "micro avg": {
    "precision": 0.7842105263157895,
    "recall": 0.7842105263157895,
    "f1-score": 0.7842105263157895,
    "support": 190
  },
  "macro avg": {
    "precision": 0.7973326381221119,
    "recall": 0.7842105263157895,
    "f1-score": 0.7870713292488554,
    "support": 190
  },
  "weighted avg": {
    "precision": 0.7973326381221117,
    "recall": 0.7842105263157895,
    "f1-score": 0.7870713292488555,
    "support": 190
  }
}