{
  "": {
    "precision": 0.0,
    "recall": 0.0,
    "f1-score": 0.0,
    "support": 0
  },
  "canthelp": {
    "precision": 1.0,
    "recall": 0.98,
    "f1-score": 0.98989898989899,
    "support": 50
  },
  "greet": {
    "precision": 1.0,
    "recall": 1.0,
    "f1-score": 1.0,
    "support": 50
  },
  "master_admission_requirements": {
    "precision": 1.0,
    "recall": 0.98,
    "f1-score": 0.98989898989899,
    "support": 50
  },
  "master_application_period": {
    "precision": 1.0,
    "recall": 0.98,
    "f1-score": 0.98989898989899,
    "support": 50
  },
  "master_career_opportunities": {
    "precision": 0.9607843137254902,
    "recall": 0.98,
    "f1-score": 0.9702970297029702,
    "support": 50
  },
  "master_contact": {
    "precision": 1.0,
    "recall": 1.0,
    "f1-score": 1.0,
    "support": 50
  },
  "master_degree": {
    "precision": 1.0,
    "recall": 1.0,
    "f1-score": 1.0,
    "support": 50
  },
  "master_duration": {
    "precision": 1.0,
    "recall": 1.0,
    "f1-score": 1.0,
    "support": 50
  },
  "master_electives": {
    "precision": 1.0,
    "recall": 1.0,
    "f1-score": 1.0,
    "support": 50
  },
  "master_further_qualification_opportunities": {
    "precision": 1.0,
    "recall": 1.0,
    "f1-score": 1.0,
    "support": 50
  },
  "master_how_to_apply": {
    "precision": 0.95,
    "recall": 0.8636363636363636,
    "f1-score": 0.9047619047619048,
    "support": 22
  },
  "master_language": {
    "precision": 1.0,
    "recall": 0.96,
    "f1-score": 0.9795918367346939,
    "support": 50
  },
  "master_location": {
    "precision": 0.9803921568627451,
    "recall": 1.0,
    "f1-score": 0.99009900990099,
    "support": 50
  },
  "master_program_content": {
    "precision": 0.9245283018867925,
    "recall": 0.98,
    "f1-score": 0.9514563106796116,
    "support": 50
  },
  "master_scholarships": {
    "precision": 0.9433962264150944,
    "recall": 1.0,
    "f1-score": 0.970873786407767,
    "support": 50
  },
  "master_semester_content": {
    "precision": 0.9607843137254902,
    "recall": 0.98,
    "f1-score": 0.9702970297029702,
    "support": 50
  },
  "master_start": {
    "precision": 0.9803921568627451,
    "recall": 1.0,
    "f1-score": 0.99009900990099,
    "support": 50
  },
  "master_tuition_fees": {
    "precision": 0.9787234042553191,
    "recall": 0.92,
    "f1-score": 0.9484536082474226,
    "support": 50
  },
  "thank": {
    "precision": 1.0,
    "recall": 0.8928571428571429,
    "f1-score": 0.9433962264150945,
    "support": 28
  },
  "micro avg": {
    "precision": 0.98,
    "recall": 0.98,
    "f1-score": 0.98,
    "support": 900
  },
  "macro avg": {
    "precision": 0.9339500436866839,
    "recall": 0.9258246753246754,
    "f1-score": 0.9294511361075692,
    "support": 900
  },
  "weighted avg": {
    "precision": 0.9837222707629819,
    "recall": 0.98,
    "f1-score": 0.9815145397701153,
    "support": 900
  }
}