{
  "": {
    "precision": 0.0,
    "recall": 0.0,
    "f1-score": 0.0,
    "support": 0
  },
  "canthelp": {
    "precision": 0.6296296296296297,
    "recall": 0.85,
    "f1-score": 0.723404255319149,
    "support": 20
  },
  "greet": {
    "precision": 0.5714285714285714,
    "recall": 0.2,
    "f1-score": 0.29629629629629634,
    "support": 20
  },
  "master_admission_requirements": {
    "precision": 0.3333333333333333,
    "recall": 0.05,
    "f1-score": 0.08695652173913045,
    "support": 20
  },
  "master_application_period": {
    "precision": 0.40476190476190477,
    "recall": 0.85,
    "f1-score": 0.5483870967741935,
    "support": 20
  },
  "master_career_opportunities": {
    "precision": 0.8,
    "recall": 0.6,
    "f1-score": 0.6857142857142857,
    "support": 20
  },
  "master_contact": {
    "precision": 0.4166666666666667,
    "recall": 1.0,
    "f1-score": 0.5882352941176471,
    "support": 20
  },
  "master_degree": {
    "precision": 0.5,
    "recall": 0.3,
    "f1-score": 0.37499999999999994,
    "support": 20
  },
  "master_duration": {
    "precision": 0.3333333333333333,
    "recall": 0.25,
    "f1-score": 0.28571428571428575,
    "support": 20
  },
  "master_electives": {
    "precision": 0.6666666666666666,
    "recall": 0.3,
    "f1-score": 0.41379310344827586,
    "support": 20
  },
  "master_further_qualification_opportunities": {
    "precision": 0.8181818181818182,
    "recall": 0.45,
    "f1-score": 0.5806451612903226,
    "support": 20
  },
  "master_how_to_apply": {
    "precision": 0.09090909090909091,
    "recall": 0.4,
    "f1-score": 0.14814814814814814,
    "support": 5
  },
  "master_language": {
    "precision": 0.3793103448275862,
    "recall": 0.55,
    "f1-score": 0.4489795918367347,
    "support": 20
  },
  "master_location": {
    "precision": 0.2777777777777778,
    "recall": 0.25,
    "f1-score": 0.2631578947368421,
    "support": 20
  },
  "master_program_content": {
    "precision": 0.8333333333333334,
    "recall": 0.25,
    "f1-score": 0.3846153846153846,
    "support": 20
  },
  "master_scholarships": {
    "precision": 0.0,
    "recall": 0.0,
    "f1-score": 0.0,
    "support": 20
  },
  "master_semester_content": {
    "precision": 0.4444444444444444,
    "recall": 0.2,
    "f1-score": 0.2758620689655173,
    "support": 20
  },
  "master_start": {
    "precision": 0.17777777777777778,
    "recall": 0.4,
    "f1-score": 0.24615384615384614,
    "support": 20
  },
  "master_tuition_fees": {
    "precision": 0.4166666666666667,
    "recall": 0.25,
    "f1-score": 0.3125,
    "support": 20
  },
  "thank": {
    "precision": 1.0,
    "recall": 0.5,
    "f1-score": 0.6666666666666666,
    "support": 6
  },
  "micro avg": {
    "precision": 0.39886039886039887,
    "recall": 0.39886039886039887,
    "f1-score": 0.3988603988603989,
    "support": 351
  },
  "macro avg": {
    "precision": 0.45471106798693006,
    "recall": 0.3825,
    "f1-score": 0.36651149507683634,
    "support": 351
  },
  "weighted avg": {
    "precision": 0.4744182074961129,
    "recall": 0.39886039886039887,
    "f1-score": 0.3847551067668916,
    "support": 351
  }
}