{
  "": {
    "precision": 0.0,
    "recall": 0.0,
    "f1-score": 0.0,
    "support": 0
  },
  "canthelp": {
    "precision": 0.9444444444444444,
    "recall": 0.85,
    "f1-score": 0.8947368421052632,
    "support": 20
  },
  "greet": {
    "precision": 0.5,
    "recall": 0.1,
    "f1-score": 0.16666666666666669,
    "support": 20
  },
  "master_admission_requirements": {
    "precision": 0.09090909090909091,
    "recall": 0.05,
    "f1-score": 0.06451612903225806,
    "support": 20
  },
  "master_application_period": {
    "precision": 0.4444444444444444,
    "recall": 0.8,
    "f1-score": 0.5714285714285714,
    "support": 20
  },
  "master_career_opportunities": {
    "precision": 0.9333333333333333,
    "recall": 0.7,
    "f1-score": 0.8,
    "support": 20
  },
  "master_contact": {
    "precision": 0.7037037037037037,
    "recall": 0.95,
    "f1-score": 0.8085106382978724,
    "support": 20
  },
  "master_degree": {
    "precision": 0.13725490196078433,
    "recall": 0.35,
    "f1-score": 0.1971830985915493,
    "support": 20
  },
  "master_duration": {
    "precision": 0.75,
    "recall": 0.3,
    "f1-score": 0.4285714285714285,
    "support": 20
  },
  "master_electives": {
    "precision": 0.23076923076923078,
    "recall": 0.45,
    "f1-score": 0.3050847457627119,
    "support": 20
  },
  "master_further_qualification_opportunities": {
    "precision": 0.6923076923076923,
    "recall": 0.45,
    "f1-score": 0.5454545454545455,
    "support": 20
  },
  "master_how_to_apply": {
    "precision": 0.0,
    "recall": 0.0,
    "f1-score": 0.0,
    "support": 5
  },
  "master_language": {
    "precision": 0.034482758620689655,
    "recall": 0.05,
    "f1-score": 0.04081632653061224,
    "support": 20
  },
  "master_location": {
    "precision": 0.3333333333333333,
    "recall": 0.25,
    "f1-score": 0.28571428571428575,
    "support": 20
  },
  "master_program_content": {
    "precision": 0.2608695652173913,
    "recall": 0.3,
    "f1-score": 0.27906976744186046,
    "support": 20
  },
  "master_scholarships": {
    "precision": 1.0,
    "recall": 0.35,
    "f1-score": 0.5185185185185185,
    "support": 20
  },
  "master_semester_content": {
    "precision": 0.5,
    "recall": 0.05,
    "f1-score": 0.09090909090909091,
    "support": 20
  },
  "master_start": {
    "precision": 0.16666666666666666,
    "recall": 0.05,
    "f1-score": 0.07692307692307691,
    "support": 20
  },
  "master_tuition_fees": {
    "precision": 0.8333333333333334,
    "recall": 0.25,
    "f1-score": 0.3846153846153846,
    "support": 20
  },
  "thank": {
    "precision": 1.0,
    "recall": 0.3333333333333333,
    "f1-score": 0.5,
    "support": 6
  },
  "micro avg": {
    "precision": 0.3646723646723647,
    "recall": 0.3646723646723647,
    "f1-score": 0.36467236467236464,
    "support": 351
  },
  "macro avg": {
    "precision": 0.477792624952207,
    "recall": 0.33166666666666667,
    "f1-score": 0.3479359558281848,
    "support": 351
  },
  "weighted avg": {
    "precision": 0.5046069800025151,
    "recall": 0.3646723646723647,
    "f1-score": 0.37656519182699116,
    "support": 351
  }
}