{
  "canthelp": {
    "precision": 0.9473684210526315,
    "recall": 0.9,
    "f1-score": 0.9230769230769231,
    "support": 20
  },
  "greet": {
    "precision": 0.9230769230769231,
    "recall": 0.6,
    "f1-score": 0.7272727272727274,
    "support": 20
  },
  "master_admission_requirements": {
    "precision": 0.875,
    "recall": 0.7,
    "f1-score": 0.7777777777777777,
    "support": 20
  },
  "master_application_period": {
    "precision": 0.5882352941176471,
    "recall": 0.5,
    "f1-score": 0.5405405405405405,
    "support": 20
  },
  "master_career_opportunities": {
    "precision": 0.7692307692307693,
    "recall": 1.0,
    "f1-score": 0.8695652173913044,
    "support": 20
  },
  "master_contact": {
    "precision": 1.0,
    "recall": 1.0,
    "f1-score": 1.0,
    "support": 20
  },
  "master_degree": {
    "precision": 0.9333333333333333,
    "recall": 0.7,
    "f1-score": 0.8,
    "support": 20
  },
  "master_duration": {
    "precision": 0.8095238095238095,
    "recall": 0.85,
    "f1-score": 0.8292682926829269,
    "support": 20
  },
  "master_electives": {
    "precision": 0.9473684210526315,
    "recall": 0.9,
    "f1-score": 0.9230769230769231,
    "support": 20
  },
  "master_further_qualification_opportunities": {
    "precision": 0.9523809523809523,
    "recall": 1.0,
    "f1-score": 0.975609756097561,
    "support": 20
  },
  "master_how_to_apply": {
    "precision": 0.0,
    "recall": 0.0,
    "f1-score": 0.0,
    "support": 5
  },
  "master_language": {
    "precision": 0.75,
    "recall": 0.9,
    "f1-score": 0.8181818181818182,
    "support": 20
  },
  "master_location": {
    "precision": 0.47058823529411764,
    "recall": 0.8,
    "f1-score": 0.5925925925925927,
    "support": 20
  },
  "master_program_content": {
    "precision": 0.6428571428571429,
    "recall": 0.9,
    "f1-score": 0.75,
    "support": 20
  },
  "master_scholarships": {
    "precision": 0.8571428571428571,
    "recall": 0.6,
    "f1-score": 0.7058823529411764,
    "support": 20
  },
  "master_semester_content": {
    "precision": 0.7647058823529411,
    "recall": 0.65,
    "f1-score": 0.7027027027027027,
    "support": 20
  },
  "master_start": {
    "precision": 0.8181818181818182,
    "recall": 0.9,
    "f1-score": 0.8571428571428572,
    "support": 20
  },
  "master_tuition_fees": {
    "precision": 0.5238095238095238,
    "recall": 0.55,
    "f1-score": 0.5365853658536585,
    "support": 20
  },
  "thank": {
    "precision": 0.25,
    "recall": 0.16666666666666666,
    "f1-score": 0.2,
    "support": 6
  },
  "micro avg": {
    "precision": 0.7692307692307693,
    "recall": 0.7692307692307693,
    "f1-score": 0.7692307692307693,
    "support": 351
  },
  "macro avg": {
    "precision": 0.7275159675477421,
    "recall": 0.7166666666666667,
    "f1-score": 0.7120671498595521,
    "support": 351
  },
  "weighted avg": {
    "precision": 0.777652614439151,
    "recall": 0.7692307692307693,
    "f1-score": 0.762921700702649,
    "support": 351
  }
}