{
  "canthelp": {
    "precision": 1.0,
    "recall": 0.95,
    "f1-score": 0.9743589743589743,
    "support": 20
  },
  "greet": {
    "precision": 1.0,
    "recall": 1.0,
    "f1-score": 1.0,
    "support": 20
  },
  "master_admission_requirements": {
    "precision": 0.8947368421052632,
    "recall": 0.85,
    "f1-score": 0.8717948717948718,
    "support": 20
  },
  "master_application_period": {
    "precision": 0.9523809523809523,
    "recall": 1.0,
    "f1-score": 0.975609756097561,
    "support": 20
  },
  "master_career_opportunities": {
    "precision": 1.0,
    "recall": 0.95,
    "f1-score": 0.9743589743589743,
    "support": 20
  },
  "master_contact": {
    "precision": 1.0,
    "recall": 1.0,
    "f1-score": 1.0,
    "support": 20
  },
  "master_degree": {
    "precision": 0.9523809523809523,
    "recall": 1.0,
    "f1-score": 0.975609756097561,
    "support": 20
  },
  "master_duration": {
    "precision": 0.9047619047619048,
    "recall": 0.95,
    "f1-score": 0.9268292682926829,
    "support": 20
  },
  "master_electives": {
    "precision": 1.0,
    "recall": 1.0,
    "f1-score": 1.0,
    "support": 20
  },
  "master_further_qualification_opportunities": {
    "precision": 1.0,
    "recall": 0.95,
    "f1-score": 0.9743589743589743,
    "support": 20
  },
  "master_how_to_apply": {
    "precision": 0.4,
    "recall": 0.4,
    "f1-score": 0.4000000000000001,
    "support": 5
  },
  "master_language": {
    "precision": 0.9047619047619048,
    "recall": 0.95,
    "f1-score": 0.9268292682926829,
    "support": 20
  },
  "master_location": {
    "precision": 0.9523809523809523,
    "recall": 1.0,
    "f1-score": 0.975609756097561,
    "support": 20
  },
  "master_program_content": {
    "precision": 1.0,
    "recall": 1.0,
    "f1-score": 1.0,
    "support": 20
  },
  "master_scholarships": {
    "precision": 0.9090909090909091,
    "recall": 1.0,
    "f1-score": 0.9523809523809523,
    "support": 20
  },
  "master_semester_content": {
    "precision": 1.0,
    "recall": 0.9,
    "f1-score": 0.9473684210526316,
    "support": 20
  },
  "master_start": {
    "precision": 1.0,
    "recall": 0.95,
    "f1-score": 0.9743589743589743,
    "support": 20
  },
  "master_tuition_fees": {
    "precision": 0.75,
    "recall": 0.75,
    "f1-score": 0.75,
    "support": 20
  },
  "thank": {
    "precision": 1.0,
    "recall": 1.0,
    "f1-score": 1.0,
    "support": 6
  },
  "micro avg": {
    "precision": 0.9458689458689459,
    "recall": 0.9458689458689459,
    "f1-score": 0.9458689458689459,
    "support": 351
  },
  "macro avg": {
    "precision": 0.9273944430454124,
    "recall": 0.9263157894736843,
    "f1-score": 0.9262877867127579,
    "support": 351
  },
  "weighted avg": {
    "precision": 0.9470367189665436,
    "recall": 0.9458689458689459,
    "f1-score": 0.9458386294895955,
    "support": 351
  }
}