{
  "canthelp": {
    "precision": 0.98989898989899,
    "recall": 0.98,
    "f1-score": 0.9849246231155778,
    "support": 100
  },
  "greet": {
    "precision": 0.9611650485436893,
    "recall": 0.99,
    "f1-score": 0.9753694581280788,
    "support": 100
  },
  "master_admission_requirements": {
    "precision": 0.9797979797979798,
    "recall": 0.97,
    "f1-score": 0.9748743718592964,
    "support": 100
  },
  "master_application_period": {
    "precision": 0.99,
    "recall": 0.99,
    "f1-score": 0.99,
    "support": 100
  },
  "master_career_opportunities": {
    "precision": 0.98,
    "recall": 0.98,
    "f1-score": 0.98,
    "support": 100
  },
  "master_contact": {
    "precision": 0.98,
    "recall": 0.98,
    "f1-score": 0.98,
    "support": 100
  },
  "master_degree": {
    "precision": 1.0,
    "recall": 0.98,
    "f1-score": 0.98989898989899,
    "support": 100
  },
  "master_duration": {
    "precision": 1.0,
    "recall": 1.0,
    "f1-score": 1.0,
    "support": 100
  },
  "master_electives": {
    "precision": 0.9801980198019802,
    "recall": 0.99,
    "f1-score": 0.9850746268656716,
    "support": 100
  },
  "master_further_qualification_opportunities": {
    "precision": 1.0,
    "recall": 1.0,
    "f1-score": 1.0,
    "support": 100
  },
  "master_how_to_apply": {
    "precision": 0.7916666666666666,
    "recall": 0.8636363636363636,
    "f1-score": 0.8260869565217391,
    "support": 22
  },
  "master_language": {
    "precision": 0.96,
    "recall": 0.96,
    "f1-score": 0.96,
    "support": 100
  },
  "master_location": {
    "precision": 0.9423076923076923,
    "recall": 0.98,
    "f1-score": 0.9607843137254902,
    "support": 100
  },
  "master_program_content": {
    "precision": 1.0,
    "recall": 1.0,
    "f1-score": 1.0,
    "support": 100
  },
  "master_scholarships": {
    "precision": 1.0,
    "recall": 1.0,
    "f1-score": 1.0,
    "support": 100
  },
  "master_semester_content": {
    "precision": 0.9900990099009901,
    "recall": 1.0,
    "f1-score": 0.9950248756218906,
    "support": 100
  },
  "master_start": {
    "precision": 0.99,
    "recall": 0.99,
    "f1-score": 0.99,
    "support": 100
  },
  "master_tuition_fees": {
    "precision": 0.9191919191919192,
    "recall": 0.91,
    "f1-score": 0.9145728643216081,
    "support": 100
  },
  "thank": {
    "precision": 0.9545454545454546,
    "recall": 0.75,
    "f1-score": 0.84,
    "support": 28
  },
  "micro avg": {
    "precision": 0.9771428571428571,
    "recall": 0.9771428571428571,
    "f1-score": 0.9771428571428571,
    "support": 1750
  },
  "macro avg": {
    "precision": 0.9688879358239663,
    "recall": 0.9638755980861243,
    "f1-score": 0.965611109476755,
    "support": 1750
  },
  "weighted avg": {
    "precision": 0.977377031621865,
    "recall": 0.9771428571428571,
    "f1-score": 0.9769979002269363,
    "support": 1750
  }
}