{
  "pretrained_embeddings_spacy": [
    [
      0.9656263299000535,
      0.9598134443706785,
      0.9311736292078199,
      0.6615707795949062,
      0.0
    ],
    [
      0.978867032025256,
      0.9759485413018872,
      0.9300473148808591,
      0.762921700702649,
      0.0
    ],
    [
      0.9713842797019785,
      0.9544205574269755,
      0.9178855141902222,
      0.7757282957708015,
      0.0
    ]
  ],
  "supervised_embeddings": [
    [
      0.9880306245534514,
      0.9768540060600914,
      0.9570997164229778,
      0.7508858514898282,
      0.37656519182699116
    ],
    [
      0.9909743835947713,
      0.9908796274024543,
      0.9785537484099085,
      0.8497615299173467,
      0.352129879086173
    ],
    [
      0.9942984308212576,
      0.9737116935365842,
      0.9458386294895955,
      0.8057249018789698,
      0.3847551067668916
    ]
  ]
}